ProductID,Product,Category,Subcategory
1001,AeroPress Coffee Maker,Home & Kitchen,Coffee & Tea
1002,Stainless Water Bottle,Sports & Outdoors,Hydration
1003,Noise-Cancel Headphones,Electronics,Audio
1004,Wireless Mouse Pro,Computers,Accessories
1005,Yoga Mat Eco,Sports & Outdoors,Fitness
1006,LED Desk Lamp,Home & Kitchen,Lighting
1007,4K Action Camera,Electronics,Cameras
1008,Bluetooth Speaker Mini,Electronics,Audio
1009,Gaming Keyboard,Computers,Accessories
1010,Smartwatch Lite,Electronics,Wearables
